category,count,percentage
0-10_DAYS,548,54.581673306772906
SAME_DAY,340,33.86454183266932
11-30_DAYS,84,8.366533864541832
31-60_DAYS,24,2.3904382470119523
>60_DAYS,8,0.796812749003984
