feature,immediate_mean,delayed_mean,ratio
total_txns,35.98873873873874,17.732758620689655,0.4927307608477506
account_lifespan,38.51126126126126,27.862068965517242,0.7234784853318706
