delay_group,account_count,avg_txn_per_acct,avg_amount,median_amount,large_txn_ratio,foreign_ratio,duplicate_amounts,max_duplicate,night_txn_ratio,avg_lifespan,avg_txn_density
同日通報,340,45.423529411764704,16213.437257187257,3250.0,0.059958559958559955,0.003108003108003108,304,1401,0.23685573685573685,37.2,1.2210626185958253
1-10天,548,30.07116788321168,20106.425450573457,3750.0,0.0946052551732508,0.003580314339462346,318,1409,0.2249529704472359,39.324817518248175,0.7663109048723898
11-30天,84,20.273809523809526,32536.77040516735,9050.0,0.14856136230182032,0.011743981209630064,145,139,0.15502055196711687,32.154761904761905,0.63346908552388
31-60天,24,8.958333333333334,26270.46511627907,12500.0,0.21395348837209302,0.009302325581395349,34,32,0.12093023255813953,19.833333333333332,0.45168067226890757
>60天,8,16.375,16608.74045801527,6950.0,0.11450381679389313,0.0,21,15,0.13740458015267176,6.875,2.381818181818182
